"audience_rating","movie_title","audience_count","genre"
97,"12 Angry Men (Twelve Angry Men)",105000,"Classics, Drama"
97,GoodFellas,428871,Drama
97,"12 Angry Men (Twelve Angry Men)",105000,"Classics, Drama"
97,GoodFellas,428871,Drama
96,Life Is Beautiful (La Vita ? bella),249253,"Art House & International, Comedy, Drama"
96,Life Is Beautiful (La Vita ? bella),249253,"Art House & International, Comedy, Drama"
95,Casablanca,357186,"Classics, Drama, Romance"
95,Rear Window,150539,"Classics, Drama, Mystery & Suspense"
95,Casablanca,357186,"Classics, Drama, Romance"
95,Rear Window,150539,"Classics, Drama, Mystery & Suspense"
94,Aliens,429158,"Action & Adventure, Horror, Science Fiction & Fantasy"
94,Heat,221684,"Action & Adventure, Mystery & Suspense"
94,Aliens,429158,"Action & Adventure, Horror, Science Fiction & Fantasy"
94,Heat,221684,"Action & Adventure, Mystery & Suspense"
93,Unforgiven,122522,"Drama, Western"
93,Casino,284881,Drama
93,Unforgiven,122522,"Drama, Western"
93,Casino,284881,Drama
92,The Thing,131833,"Horror, Science Fiction & Fantasy"
92,Scent of a Woman,119091,Drama
92,The Thing,131833,"Horror, Science Fiction & Fantasy"
92,Scent of a Woman,119091,Drama
90,High Fidelity,211641,"Comedy, Drama, Romance"
90,"12 Years a Slave",139962,Drama
90,High Fidelity,211641,"Comedy, Drama, Romance"
90,"12 Years a Slave",139962,Drama
89,Halloween,302801,"Horror, Mystery & Suspense"
89,The Fugitive,267605,"Action & Adventure, Drama, Mystery & Suspense"
89,Big Fish,498181,"Comedy, Drama"
89,Pride and Prejudice,459237,"Comedy, Drama, Romance"
89,"2001: A Space Odyssey",298619,"Classics, Science Fiction & Fantasy"
89,"300",1434714,"Action & Adventure, Drama"
89,Halloween,302801,"Horror, Mystery & Suspense"
89,The Fugitive,267605,"Action & Adventure, Drama, Mystery & Suspense"
89,Big Fish,498181,"Comedy, Drama"
89,Pride and Prejudice,459237,"Comedy, Drama, Romance"
89,"2001: A Space Odyssey",298619,"Classics, Science Fiction & Fantasy"
89,"300",1434714,"Action & Adventure, Drama"
88,A Christmas Story,285689,"Comedy, Drama, Kids & Family"
88,Night of the Living Dead,130422,"Classics, Cult Movies, Horror"
88,The Last of the Mohicans,207338,"Action & Adventure, Drama, Romance"
88,A Little Princess,240405,"Drama, Kids & Family"
88,The Count of Monte Cristo,209328,"Action & Adventure, Drama"
88,Crash,442173,Drama
88,Twelve Monkeys (12 Monkeys),390812,"Drama, Science Fiction & Fantasy"
88,A Christmas Story,285689,"Comedy, Drama, Kids & Family"
88,Night of the Living Dead,130422,"Classics, Cult Movies, Horror"
88,The Last of the Mohicans,207338,"Action & Adventure, Drama, Romance"
88,A Little Princess,240405,"Drama, Kids & Family"
88,The Count of Monte Cristo,209328,"Action & Adventure, Drama"
88,Crash,442173,Drama
88,Twelve Monkeys (12 Monkeys),390812,"Drama, Science Fiction & Fantasy"
87,Planet of the Apes,118954,"Classics, Science Fiction & Fantasy"
87,Planet of the Apes,118954,"Classics, Science Fiction & Fantasy"
86,"21 Grams",210470,Drama
86,"3:10 to Yuma",394271,"Action & Adventure, Drama, Western"
86,"21 Grams",210470,Drama
86,"3:10 to Yuma",394271,"Action & Adventure, Drama, Western"
85,Braveheart,32708456,"Action & Adventure, Classics, Drama"
85,The Rock,305085,Action & Adventure
85,Traffic,190313,Drama
85,Adaptation,188588,"Comedy, Drama"
85,Fantastic Mr. Fox,152381,"Action & Adventure, Animation, Comedy, Kids & Family"
85,The Blind Side,431681,"Comedy, Drama, Sports & Fitness"
85,"28 Days Later",482136,"Horror, Science Fiction & Fantasy"
85,"42",119509,Drama
85,Braveheart,32708456,"Action & Adventure, Classics, Drama"
85,The Rock,305085,Action & Adventure
85,Traffic,190313,Drama
85,Adaptation,188588,"Comedy, Drama"
85,Fantastic Mr. Fox,152381,"Action & Adventure, Animation, Comedy, Kids & Family"
85,The Blind Side,431681,"Comedy, Drama, Sports & Fitness"
85,"28 Days Later",482136,"Horror, Science Fiction & Fantasy"
85,"42",119509,Drama
84,The Visitor,127066,Drama
84,The Hangover,942870,Comedy
84,RoboCop,226227,"Action & Adventure, Drama, Science Fiction & Fantasy"
84,Rudolph the Red-Nosed Reindeer,114520,"Animation, Classics, Kids & Family, Television"
84,The Game,141686,Mystery & Suspense
84,Lars and the Real Girl,105665,Comedy
84,"500 Days of Summer",396859,"Comedy, Drama, Romance"
84,The Visitor,127066,Drama
84,The Hangover,942870,Comedy
84,RoboCop,226227,"Action & Adventure, Drama, Science Fiction & Fantasy"
84,Rudolph the Red-Nosed Reindeer,114520,"Animation, Classics, Kids & Family, Television"
84,The Game,141686,Mystery & Suspense
84,Lars and the Real Girl,105665,Comedy
84,"500 Days of Summer",396859,"Comedy, Drama, Romance"
83,The Birds,176409,"Classics, Horror, Mystery & Suspense"
83,"Good Night, And Good Luck",142685,Drama
83,Rent,341054,"Comedy, Musical & Performing Arts, Romance"
83,The Birds,176409,"Classics, Horror, Mystery & Suspense"
83,"Good Night, And Good Luck",142685,Drama
83,Rent,341054,"Comedy, Musical & Performing Arts, Romance"
82,The Jungle Book,714943,"Action & Adventure, Animation, Kids & Family, Musical & Performing Arts, Romance"
82,Changeling,227027,"Drama, Mystery & Suspense"
82,Despicable Me,267208,"Animation, Comedy, Kids & Family"
82,"21 Jump Street",257395,"Action & Adventure, Comedy"
82,The Jungle Book,714943,"Action & Adventure, Animation, Kids & Family, Musical & Performing Arts, Romance"
82,Changeling,227027,"Drama, Mystery & Suspense"
82,Despicable Me,267208,"Animation, Comedy, Kids & Family"
82,"21 Jump Street",257395,"Action & Adventure, Comedy"
81,Robin Hood,271595,"Action & Adventure, Animation, Kids & Family, Musical & Performing Arts, Romance"
81,Cool Runnings,532908,Comedy
81,The Patriot,423024,"Action & Adventure, Drama"
81,Capote,115881,Drama
81,Glory Road,338641,"Drama, Sports & Fitness"
81,Kick-Ass,285351,"Action & Adventure, Comedy, Drama"
81,Robin Hood,271595,"Action & Adventure, Animation, Kids & Family, Musical & Performing Arts, Romance"
81,Cool Runnings,532908,Comedy
81,The Patriot,423024,"Action & Adventure, Drama"
81,Capote,115881,Drama
81,Glory Road,338641,"Drama, Sports & Fitness"
81,Kick-Ass,285351,"Action & Adventure, Comedy, Drama"
80,The Omen,125877,"Classics, Horror, Mystery & Suspense"
80,Peter Pan,277881,"Animation, Kids & Family, Musical & Performing Arts, Science Fiction & Fantasy"
80,Sleeping Beauty,427893,"Animation, Classics, Kids & Family, Science Fiction & Fantasy"
80,Ghost,469446,"Comedy, Drama, Mystery & Suspense, Science Fiction & Fantasy, Romance"
80,The Secret Garden,195080,"Drama, Kids & Family"
80,The Thin Red Line,148609,"Action & Adventure, Drama"
80,The Omen,125877,"Classics, Horror, Mystery & Suspense"
80,Peter Pan,277881,"Animation, Kids & Family, Musical & Performing Arts, Science Fiction & Fantasy"
80,Sleeping Beauty,427893,"Animation, Classics, Kids & Family, Science Fiction & Fantasy"
80,Ghost,469446,"Comedy, Drama, Mystery & Suspense, Science Fiction & Fantasy, Romance"
80,The Secret Garden,195080,"Drama, Kids & Family"
80,The Thin Red Line,148609,"Action & Adventure, Drama"
79,Running Scared,135373,"Action & Adventure, Drama, Mystery & Suspense"
79,Little Shop of Horrors,181532,"Comedy, Horror, Musical & Performing Arts, Science Fiction & Fantasy"
79,Scream,478172,"Horror, Mystery & Suspense"
79,The Negotiator,130367,"Action & Adventure, Mystery & Suspense"
79,Running Scared,135373,"Action & Adventure, Drama, Mystery & Suspense"
79,Little Shop of Horrors,181532,"Comedy, Horror, Musical & Performing Arts, Science Fiction & Fantasy"
79,Scream,478172,"Horror, Mystery & Suspense"
79,The Negotiator,130367,"Action & Adventure, Mystery & Suspense"
78,Poltergeist,182197,Horror
78,Alice in Wonderland,574219,"Animation, Classics, Comedy, Kids & Family, Science Fiction & Fantasy"
78,Snow White and the Seven Dwarfs,470162,"Animation, Classics, Kids & Family, Science Fiction & Fantasy"
78,Bad Boys,660442,Action & Adventure
78,Contact,203673,"Mystery & Suspense, Science Fiction & Fantasy"
78,Blade,499581,"Action & Adventure, Horror, Science Fiction & Fantasy"
78,Poltergeist,182197,Horror
78,Alice in Wonderland,574219,"Animation, Classics, Comedy, Kids & Family, Science Fiction & Fantasy"
78,Snow White and the Seven Dwarfs,470162,"Animation, Classics, Kids & Family, Science Fiction & Fantasy"
78,Bad Boys,660442,Action & Adventure
78,Contact,203673,"Mystery & Suspense, Science Fiction & Fantasy"
78,Blade,499581,"Action & Adventure, Horror, Science Fiction & Fantasy"
77,Carrie,352882,Horror
77,My Girl,394622,"Comedy, Drama, Kids & Family"
77,Selena,166815,Drama
77,Anastasia,432556,"Action & Adventure, Animation, Drama, Kids & Family"
77,Gone in 60 Seconds (Gone in Sixty Seconds),955161,Action & Adventure
77,The Others,344256,"Horror, Mystery & Suspense"
77,Insomnia,105176,"Drama, Mystery & Suspense"
77,"22 Jump Street",170296,"Action & Adventure, Comedy"
77,Carrie,352882,Horror
77,My Girl,394622,"Comedy, Drama, Kids & Family"
77,Selena,166815,Drama
77,Anastasia,432556,"Action & Adventure, Animation, Drama, Kids & Family"
77,Gone in 60 Seconds (Gone in Sixty Seconds),955161,Action & Adventure
77,The Others,344256,"Horror, Mystery & Suspense"
77,Insomnia,105176,"Drama, Mystery & Suspense"
77,"22 Jump Street",170296,"Action & Adventure, Comedy"
76,"101 Dalmatians",709186,"Animation, Classics, Comedy, Kids & Family, Mystery & Suspense"
76,Shutter Island,2373625,"Action & Adventure, Drama, Mystery & Suspense"
76,"101 Dalmatians",709186,"Animation, Classics, Comedy, Kids & Family, Mystery & Suspense"
76,Shutter Island,2373625,"Action & Adventure, Drama, Mystery & Suspense"
75,The Parent Trap,174597,"Classics, Comedy, Kids & Family, Romance"
75,Independence Day,977377,"Action & Adventure, Mystery & Suspense, Science Fiction & Fantasy"
75,The Mummy,946613,"Action & Adventure, Horror, Mystery & Suspense"
75,The Express,820195,Drama
75,The Parent Trap,174597,"Classics, Comedy, Kids & Family, Romance"
75,Independence Day,977377,"Action & Adventure, Mystery & Suspense, Science Fiction & Fantasy"
75,The Mummy,946613,"Action & Adventure, Horror, Mystery & Suspense"
75,The Express,820195,Drama
74,The Fast and the Furious,1043882,"Action & Adventure, Drama"
74,Peter Pan,427000,"Kids & Family, Science Fiction & Fantasy"
74,The Terminal,407867,"Comedy, Drama"
74,The Bank Job,253887,"Drama, Mystery & Suspense"
74,The Princess and the Frog,261055,"Animation, Comedy, Kids & Family, Musical & Performing Arts, Science Fiction & Fantasy, Romance"
74,The Fast and the Furious,1043882,"Action & Adventure, Drama"
74,Peter Pan,427000,"Kids & Family, Science Fiction & Fantasy"
74,The Terminal,407867,"Comedy, Drama"
74,The Bank Job,253887,"Drama, Mystery & Suspense"
74,The Princess and the Frog,261055,"Animation, Comedy, Kids & Family, Musical & Performing Arts, Science Fiction & Fantasy, Romance"
73,Legend,101519,"Drama, Science Fiction & Fantasy"
73,Matilda,384209,"Comedy, Kids & Family, Special Interest"
73,State of Play,124258,"Drama, Mystery & Suspense"
73,A Guide to Recognizing Your Saints,101420,Drama
73,Legend,101519,"Drama, Science Fiction & Fantasy"
73,Matilda,384209,"Comedy, Kids & Family, Special Interest"
73,State of Play,124258,"Drama, Mystery & Suspense"
73,A Guide to Recognizing Your Saints,101420,Drama
72,My Sister's Keeper,365325,Drama
72,"Definitely, Maybe",140213,"Comedy, Romance"
72,High School Musical 3: Senior Year,354020,Musical & Performing Arts
72,Cloudy With a Chance of Meatballs,488003,"Animation, Comedy, Kids & Family"
72,My Sister's Keeper,365325,Drama
72,"Definitely, Maybe",140213,"Comedy, Romance"
72,High School Musical 3: Senior Year,354020,Musical & Performing Arts
72,Cloudy With a Chance of Meatballs,488003,"Animation, Comedy, Kids & Family"
71,Tristan & Isolde,220945,"Drama, Science Fiction & Fantasy, Romance"
71,Footloose,270239,"Drama, Musical & Performing Arts, Romance"
71,Driving Lessons,194281,"Comedy, Drama"
71,Tristan & Isolde,220945,"Drama, Science Fiction & Fantasy, Romance"
71,Footloose,270239,"Drama, Musical & Performing Arts, Romance"
71,Driving Lessons,194281,"Comedy, Drama"
70,Father of the Bride,375119,Comedy
70,Black Sheep,125609,Comedy
70,The Hunchback of Notre Dame,125722,"Animation, Drama, Kids & Family"
70,The Parent Trap,530635,"Comedy, Kids & Family"
70,"13 Going on 30",653610,"Comedy, Romance"
70,Father of the Bride,375119,Comedy
70,Black Sheep,125609,Comedy
70,The Hunchback of Notre Dame,125722,"Animation, Drama, Kids & Family"
70,The Parent Trap,530635,"Comedy, Kids & Family"
70,"13 Going on 30",653610,"Comedy, Romance"
69,Rocky,33403994,"Drama, Sports & Fitness"
69,Weird Science,124475,"Comedy, Science Fiction & Fantasy"
69,"10 Things I Hate About You",32104911,Comedy
69,The Girl Next Door,398071,"Comedy, Drama"
69,Curious George,257347,"Animation, Comedy, Kids & Family"
69,Wanted,1546021,"Action & Adventure, Mystery & Suspense, Science Fiction & Fantasy"
69,Step Brothers,365512,Comedy
69,Remember Me,411586,"Drama, Romance"
69,Rocky,33403994,"Drama, Sports & Fitness"
69,Weird Science,124475,"Comedy, Science Fiction & Fantasy"
69,"10 Things I Hate About You",32104911,Comedy
69,The Girl Next Door,398071,"Comedy, Drama"
69,Curious George,257347,"Animation, Comedy, Kids & Family"
69,Wanted,1546021,"Action & Adventure, Mystery & Suspense, Science Fiction & Fantasy"
69,Step Brothers,365512,Comedy
69,Remember Me,411586,"Drama, Romance"
68,The Road,248392,"Drama, Mystery & Suspense, Science Fiction & Fantasy"
68,Jarhead,392719,Drama
68,The Ringer,398136,Comedy
68,A Nightmare on Elm Street 3: Dream Warriors,304039,Horror
68,The Road,248392,"Drama, Mystery & Suspense, Science Fiction & Fantasy"
68,Jarhead,392719,Drama
68,The Ringer,398136,Comedy
68,A Nightmare on Elm Street 3: Dream Warriors,304039,Horror
67,The Proposal,860222,"Comedy, Romance"
67,Charlotte's Web,227161,"Animation, Kids & Family"
67,Commando,138087,Action & Adventure
67,Short Circuit,168948,"Comedy, Kids & Family, Science Fiction & Fantasy"
67,Three Amigos!,181113,"Comedy, Western"
67,The Mask,994480,"Action & Adventure, Comedy, Science Fiction & Fantasy"
67,Babe,508714,"Action & Adventure, Drama, Kids & Family, Science Fiction & Fantasy"
67,Enough,123407,"Drama, Mystery & Suspense"
67,"17 Again",465945,"Comedy, Drama, Science Fiction & Fantasy"
67,"28 Weeks Later...",638442,"Horror, Mystery & Suspense, Science Fiction & Fantasy"
67,The Proposal,860222,"Comedy, Romance"
67,Charlotte's Web,227161,"Animation, Kids & Family"
67,Commando,138087,Action & Adventure
67,Short Circuit,168948,"Comedy, Kids & Family, Science Fiction & Fantasy"
67,Three Amigos!,181113,"Comedy, Western"
67,The Mask,994480,"Action & Adventure, Comedy, Science Fiction & Fantasy"
67,Babe,508714,"Action & Adventure, Drama, Kids & Family, Science Fiction & Fantasy"
67,Enough,123407,"Drama, Mystery & Suspense"
67,"17 Again",465945,"Comedy, Drama, Science Fiction & Fantasy"
67,"28 Weeks Later...",638442,"Horror, Mystery & Suspense, Science Fiction & Fantasy"
66,"21",367740,"Drama, Mystery & Suspense"
66,The Last Song,160777,"Drama, Kids & Family, Romance"
66,Gone in 60 Seconds,196397,"Action & Adventure, Cult Movies, Drama, Mystery & Suspense"
66,Pearl Harbor,905352,"Action & Adventure, Drama, Romance"
66,Zack and Miri Make a Porno,237035,"Comedy, Drama, Romance"
66,"2 Guns",109397,"Action & Adventure, Drama, Mystery & Suspense"
66,The A-Team,199293,"Action & Adventure, Comedy"
66,"21",367740,"Drama, Mystery & Suspense"
66,The Last Song,160777,"Drama, Kids & Family, Romance"
66,Gone in 60 Seconds,196397,"Action & Adventure, Cult Movies, Drama, Mystery & Suspense"
66,Pearl Harbor,905352,"Action & Adventure, Drama, Romance"
66,Zack and Miri Make a Porno,237035,"Comedy, Drama, Romance"
66,"2 Guns",109397,"Action & Adventure, Drama, Mystery & Suspense"
66,The A-Team,199293,"Action & Adventure, Comedy"
65,What Happens in Vegas,501679,"Comedy, Romance"
65,Hot Shots!,157608,Comedy
65,Road Trip,465469,Comedy
65,The 13th Warrior,117919,"Action & Adventure, Cult Movies, Science Fiction & Fantasy"
65,"50 First Dates",32700188,Comedy
65,What Happens in Vegas,501679,"Comedy, Romance"
65,Hot Shots!,157608,Comedy
65,Road Trip,465469,Comedy
65,The 13th Warrior,117919,"Action & Adventure, Cult Movies, Science Fiction & Fantasy"
65,"50 First Dates",32700188,Comedy
64,Run Fatboy Run,102871,Comedy
64,Pocahontas,560829,"Action & Adventure, Animation, Drama"
64,Red Eye,436157,"Action & Adventure, Mystery & Suspense"
64,Alvin and the Chipmunks,310645,"Animation, Comedy, Kids & Family"
64,Run Fatboy Run,102871,Comedy
64,Pocahontas,560829,"Action & Adventure, Animation, Drama"
64,Red Eye,436157,"Action & Adventure, Mystery & Suspense"
64,Alvin and the Chipmunks,310645,"Animation, Comedy, Kids & Family"
63,Orphan,872754,"Drama, Horror, Mystery & Suspense"
63,Tron Legacy,171385,"Action & Adventure, Science Fiction & Fantasy"
63,The Punisher,268111,"Action & Adventure, Drama"
63,Orphan,872754,"Drama, Horror, Mystery & Suspense"
63,Tron Legacy,171385,"Action & Adventure, Science Fiction & Fantasy"
63,The Punisher,268111,"Action & Adventure, Drama"
62,Body of Lies,129956,"Drama, Mystery & Suspense"
62,The Three Musketeers,169731,"Action & Adventure, Comedy, Kids & Family, Romance"
62,Jumanji,975177,"Action & Adventure, Comedy, Kids & Family, Science Fiction & Fantasy, Romance"
62,Ransom,119880,"Action & Adventure, Drama, Mystery & Suspense"
62,Hannibal,403002,"Drama, Mystery & Suspense"
62,Behind Enemy Lines,321781,"Action & Adventure, Drama"
62,Hostage,212383,"Drama, Mystery & Suspense"
62,Ice Age: Dawn of the Dinosaurs (Ice Age 3),553958,"Action & Adventure, Animation, Comedy, Kids & Family"
62,Get Him to the Greek,213677,Comedy
62,Brothers,194449,"Drama, Mystery & Suspense"
62,Body of Lies,129956,"Drama, Mystery & Suspense"
62,The Three Musketeers,169731,"Action & Adventure, Comedy, Kids & Family, Romance"
62,Jumanji,975177,"Action & Adventure, Comedy, Kids & Family, Science Fiction & Fantasy, Romance"
62,Ransom,119880,"Action & Adventure, Drama, Mystery & Suspense"
62,Hannibal,403002,"Drama, Mystery & Suspense"
62,Behind Enemy Lines,321781,"Action & Adventure, Drama"
62,Hostage,212383,"Drama, Mystery & Suspense"
62,Ice Age: Dawn of the Dinosaurs (Ice Age 3),553958,"Action & Adventure, Animation, Comedy, Kids & Family"
62,Get Him to the Greek,213677,Comedy
62,Brothers,194449,"Drama, Mystery & Suspense"
61,Double Jeopardy,178162,"Action & Adventure, Mystery & Suspense"
61,"1408",745356,"Horror, Mystery & Suspense"
61,Double Jeopardy,178162,"Action & Adventure, Mystery & Suspense"
61,"1408",745356,"Horror, Mystery & Suspense"
60,It Takes Two,135195,"Comedy, Drama, Kids & Family"
60,Anger Management,745776,Comedy
60,Ghost Town,432916,"Comedy, Documentary, Science Fiction & Fantasy, Special Interest"
60,It's Complicated,225228,"Comedy, Romance"
60,The Twilight Saga: Eclipse,333701,"Drama, Science Fiction & Fantasy, Romance"
60,It Takes Two,135195,"Comedy, Drama, Kids & Family"
60,Anger Management,745776,Comedy
60,Ghost Town,432916,"Comedy, Documentary, Science Fiction & Fantasy, Special Interest"
60,It's Complicated,225228,"Comedy, Romance"
60,The Twilight Saga: Eclipse,333701,"Drama, Science Fiction & Fantasy, Romance"
59,Public Enemies,633635,"Action & Adventure, Drama"
59,King Arthur,389926,"Action & Adventure, Drama"
59,Salt,200594,"Action & Adventure, Mystery & Suspense"
59,Public Enemies,633635,"Action & Adventure, Drama"
59,King Arthur,389926,"Action & Adventure, Drama"
59,Salt,200594,"Action & Adventure, Mystery & Suspense"
58,Disney's A Christmas Carol,776113,"Animation, Drama, Kids & Family, Science Fiction & Fantasy"
58,Twister,894092,"Action & Adventure, Drama"
58,The Skeleton Key,192239,"Drama, Horror, Mystery & Suspense, Romance"
58,The New World,148074,"Action & Adventure, Drama, Romance"
58,Big Momma's House 2,564724,Comedy
58,Casanova,190565,"Comedy, Drama, Romance"
58,Disney's A Christmas Carol,776113,"Animation, Drama, Kids & Family, Science Fiction & Fantasy"
58,Twister,894092,"Action & Adventure, Drama"
58,The Skeleton Key,192239,"Drama, Horror, Mystery & Suspense, Romance"
58,The New World,148074,"Action & Adventure, Drama, Romance"
58,Big Momma's House 2,564724,Comedy
58,Casanova,190565,"Comedy, Drama, Romance"
57,Sky High,203360,"Action & Adventure, Comedy, Kids & Family, Science Fiction & Fantasy"
57,The Invisible,316487,"Drama, Mystery & Suspense"
57,Angels & Demons,531659,"Drama, Mystery & Suspense"
57,Green Zone,152535,"Drama, Mystery & Suspense"
57,"16 Blocks",163930,"Action & Adventure, Drama, Mystery & Suspense"
57,"27 Dresses",606049,"Comedy, Romance"
57,Sky High,203360,"Action & Adventure, Comedy, Kids & Family, Science Fiction & Fantasy"
57,The Invisible,316487,"Drama, Mystery & Suspense"
57,Angels & Demons,531659,"Drama, Mystery & Suspense"
57,Green Zone,152535,"Drama, Mystery & Suspense"
57,"16 Blocks",163930,"Action & Adventure, Drama, Mystery & Suspense"
57,"27 Dresses",606049,"Comedy, Romance"
56,Arthur and the Invisibles (Arthur and the Minimoys),134466,"Animation, Kids & Family, Science Fiction & Fantasy"
56,Hoodwinked,427276,"Animation, Comedy, Kids & Family"
56,Marie Antoinette,262438,"Documentary, Drama"
56,The Crazies,199107,"Action & Adventure, Drama, Horror, Mystery & Suspense, Science Fiction & Fantasy"
56,"9",282084,"Action & Adventure, Animation, Drama, Science Fiction & Fantasy"
56,"30 Days of Night",458851,"Horror, Mystery & Suspense"
56,Arthur and the Invisibles (Arthur and the Minimoys),134466,"Animation, Kids & Family, Science Fiction & Fantasy"
56,Hoodwinked,427276,"Animation, Comedy, Kids & Family"
56,Marie Antoinette,262438,"Documentary, Drama"
56,The Crazies,199107,"Action & Adventure, Drama, Horror, Mystery & Suspense, Science Fiction & Fantasy"
56,"9",282084,"Action & Adventure, Animation, Drama, Science Fiction & Fantasy"
56,"30 Days of Night",458851,"Horror, Mystery & Suspense"
55,Stay Alive,113399,"Horror, Mystery & Suspense"
55,The Man in the Iron Mask,318955,"Action & Adventure, Drama"
55,Alice in Wonderland,480070,"Action & Adventure, Kids & Family, Science Fiction & Fantasy"
55,Stay Alive,113399,"Horror, Mystery & Suspense"
55,The Man in the Iron Mask,318955,"Action & Adventure, Drama"
55,Alice in Wonderland,480070,"Action & Adventure, Kids & Family, Science Fiction & Fantasy"
54,Ninja Assassin,189759,"Action & Adventure, Drama"
54,The Losers,144557,"Action & Adventure, Drama, Mystery & Suspense"
54,"8 Mile",32167884,Drama
54,Ninja Assassin,189759,"Action & Adventure, Drama"
54,The Losers,144557,"Action & Adventure, Drama, Mystery & Suspense"
54,"8 Mile",32167884,Drama
53,Percy Jackson & the Olympians: The Lightning Thief,254287,"Action & Adventure, Comedy, Drama, Science Fiction & Fantasy"
53,Sahara,213552,"Action & Adventure, Drama"
53,License to Wed,512641,"Comedy, Drama"
53,"3 Ninjas",202483,"Action & Adventure, Comedy, Kids & Family"
53,Percy Jackson & the Olympians: The Lightning Thief,254287,"Action & Adventure, Comedy, Drama, Science Fiction & Fantasy"
53,Sahara,213552,"Action & Adventure, Drama"
53,License to Wed,512641,"Comedy, Drama"
53,"3 Ninjas",202483,"Action & Adventure, Comedy, Kids & Family"
52,Beverly Hills Chihuahua,186544,Comedy
52,Untraceable,225115,"Drama, Horror, Mystery & Suspense"
52,The Perfect Holiday,159641,"Kids & Family, Romance"
52,Predators,159760,"Action & Adventure, Horror, Science Fiction & Fantasy"
52,Cliffhanger,182855,Action & Adventure
52,The Lovely Bones,373624,"Drama, Horror, Mystery & Suspense, Science Fiction & Fantasy"
52,The Last House on the Left,1003671,"Drama, Horror, Mystery & Suspense"
52,The Taking of Pelham 1 2 3,662560,"Action & Adventure, Mystery & Suspense"
52,"8MM",137856,"Action & Adventure, Mystery & Suspense"
52,A Perfect Getaway,161390,"Action & Adventure, Mystery & Suspense"
52,Beverly Hills Chihuahua,186544,Comedy
52,Untraceable,225115,"Drama, Horror, Mystery & Suspense"
52,The Perfect Holiday,159641,"Kids & Family, Romance"
52,Predators,159760,"Action & Adventure, Horror, Science Fiction & Fantasy"
52,Cliffhanger,182855,Action & Adventure
52,The Lovely Bones,373624,"Drama, Horror, Mystery & Suspense, Science Fiction & Fantasy"
52,The Last House on the Left,1003671,"Drama, Horror, Mystery & Suspense"
52,The Taking of Pelham 1 2 3,662560,"Action & Adventure, Mystery & Suspense"
52,"8MM",137856,"Action & Adventure, Mystery & Suspense"
52,A Perfect Getaway,161390,"Action & Adventure, Mystery & Suspense"
51,Perfect Stranger,336508,"Drama, Mystery & Suspense"
51,The Bounty Hunter,263924,"Action & Adventure, Comedy, Romance"
51,"300: Rise of an Empire",140422,"Action & Adventure, Drama"
51,Perfect Stranger,336508,"Drama, Mystery & Suspense"
51,The Bounty Hunter,263924,"Action & Adventure, Comedy, Romance"
51,"300: Rise of an Empire",140422,"Action & Adventure, Drama"
50,The Midnight Meat Train,143520,"Drama, Horror, Mystery & Suspense"
50,Hide and Seek,278247,Mystery & Suspense
50,See No Evil,116571,"Horror, Mystery & Suspense"
50,"28 Days",319705,"Comedy, Drama"
50,"2 Fast 2 Furious",32791717,"Action & Adventure, Drama, Mystery & Suspense"
50,The Midnight Meat Train,143520,"Drama, Horror, Mystery & Suspense"
50,Hide and Seek,278247,Mystery & Suspense
50,See No Evil,116571,"Horror, Mystery & Suspense"
50,"28 Days",319705,"Comedy, Drama"
50,"2 Fast 2 Furious",32791717,"Action & Adventure, Drama, Mystery & Suspense"
49,Alvin and the Chipmunks: The Squeakquel,368581,"Animation, Comedy, Kids & Family"
49,Jack,226295,"Comedy, Drama, Kids & Family"
49,RoboCop,127081,"Action & Adventure, Science Fiction & Fantasy"
49,Alvin and the Chipmunks: The Squeakquel,368581,"Animation, Comedy, Kids & Family"
49,Jack,226295,"Comedy, Drama, Kids & Family"
49,RoboCop,127081,"Action & Adventure, Science Fiction & Fantasy"
48,Evolution,258975,"Comedy, Science Fiction & Fantasy"
48,Mad Money,135218,"Comedy, Drama"
48,Evolution,258975,"Comedy, Science Fiction & Fantasy"
48,Mad Money,135218,"Comedy, Drama"
47,The Three Stooges,140525,Comedy
47,"2012",508140,"Action & Adventure, Drama, Mystery & Suspense, Science Fiction & Fantasy"
47,The Three Stooges,140525,Comedy
47,"2012",508140,"Action & Adventure, Drama, Mystery & Suspense, Science Fiction & Fantasy"
46,Obsessed,258477,"Drama, Mystery & Suspense"
46,Obsessed,258477,"Drama, Mystery & Suspense"
45,Michael,119548,"Comedy, Science Fiction & Fantasy"
45,Are We There Yet?,402058,"Action & Adventure, Comedy, Kids & Family, Romance"
45,Fred Claus,371481,Comedy
45,The Haunting in Connecticut,328976,"Horror, Mystery & Suspense"
45,Michael,119548,"Comedy, Science Fiction & Fantasy"
45,Are We There Yet?,402058,"Action & Adventure, Comedy, Kids & Family, Romance"
45,Fred Claus,371481,Comedy
45,The Haunting in Connecticut,328976,"Horror, Mystery & Suspense"
44,Old Dogs,182878,"Comedy, Drama, Kids & Family"
44,Broken Arrow,193430,"Action & Adventure, Mystery & Suspense"
44,Cabin Fever,250166,"Horror, Mystery & Suspense"
44,Quarantine,881919,"Horror, Mystery & Suspense"
44,The Informant!,359235,"Comedy, Drama, Mystery & Suspense"
44,"88 Minutes",103906,"Drama, Mystery & Suspense"
44,Old Dogs,182878,"Comedy, Drama, Kids & Family"
44,Broken Arrow,193430,"Action & Adventure, Mystery & Suspense"
44,Cabin Fever,250166,"Horror, Mystery & Suspense"
44,Quarantine,881919,"Horror, Mystery & Suspense"
44,The Informant!,359235,"Comedy, Drama, Mystery & Suspense"
44,"88 Minutes",103906,"Drama, Mystery & Suspense"
43,The Eye,303432,"Drama, Horror, Mystery & Suspense"
43,"40 Days and 40 Nights",460837,"Comedy, Mystery & Suspense, Romance"
43,A Nightmare on Elm Street 4: The Dream Master,246508,Horror
43,The Eye,303432,"Drama, Horror, Mystery & Suspense"
43,"40 Days and 40 Nights",460837,"Comedy, Mystery & Suspense, Romance"
43,A Nightmare on Elm Street 4: The Dream Master,246508,Horror
42,Push,2026397,"Mystery & Suspense, Science Fiction & Fantasy"
42,Bedazzled,371147,"Comedy, Science Fiction & Fantasy"
42,Over Her Dead Body,143681,"Comedy, Science Fiction & Fantasy, Romance"
42,Push,2026397,"Mystery & Suspense, Science Fiction & Fantasy"
42,Bedazzled,371147,"Comedy, Science Fiction & Fantasy"
42,Over Her Dead Body,143681,"Comedy, Science Fiction & Fantasy, Romance"
41,Repo Men,100453,"Action & Adventure, Science Fiction & Fantasy"
41,George of the Jungle,545794,"Action & Adventure, Comedy, Kids & Family"
41,Imagine That,263814,Comedy
41,The Tooth Fairy,183707,"Comedy, Kids & Family, Science Fiction & Fantasy"
41,"13 Ghosts",282452,"Classics, Horror"
41,Repo Men,100453,"Action & Adventure, Science Fiction & Fantasy"
41,George of the Jungle,545794,"Action & Adventure, Comedy, Kids & Family"
41,Imagine That,263814,Comedy
41,The Tooth Fairy,183707,"Comedy, Kids & Family, Science Fiction & Fantasy"
41,"13 Ghosts",282452,"Classics, Horror"
40,"101 Dalmatians",625211,"Action & Adventure, Comedy, Kids & Family"
40,Mighty Joe Young,195438,"Action & Adventure, Drama, Kids & Family"
40,A Good Day To Die Hard,117589,Action & Adventure
40,"101 Dalmatians",625211,"Action & Adventure, Comedy, Kids & Family"
40,Mighty Joe Young,195438,"Action & Adventure, Drama, Kids & Family"
40,A Good Day To Die Hard,117589,Action & Adventure
39,G-Force,964628,"Action & Adventure, Comedy, Kids & Family, Science Fiction & Fantasy"
39,Crossroads,359310,"Action & Adventure, Comedy, Drama"
39,Smart People,102371,"Comedy, Drama, Romance"
39,Lakeview Terrace,139043,"Drama, Mystery & Suspense"
39,G-Force,964628,"Action & Adventure, Comedy, Kids & Family, Science Fiction & Fantasy"
39,Crossroads,359310,"Action & Adventure, Comedy, Drama"
39,Smart People,102371,"Comedy, Drama, Romance"
39,Lakeview Terrace,139043,"Drama, Mystery & Suspense"
38,Surrogates,295028,"Action & Adventure, Comedy, Mystery & Suspense, Science Fiction & Fantasy"
38,Deep Blue Sea,379326,"Action & Adventure, Drama, Horror, Mystery & Suspense, Science Fiction & Fantasy"
38,Scooby-Doo,408580,"Comedy, Kids & Family"
38,Extract,173985,Comedy
38,Surrogates,295028,"Action & Adventure, Comedy, Mystery & Suspense, Science Fiction & Fantasy"
38,Deep Blue Sea,379326,"Action & Adventure, Drama, Horror, Mystery & Suspense, Science Fiction & Fantasy"
38,Scooby-Doo,408580,"Comedy, Kids & Family"
38,Extract,173985,Comedy
37,"10,000 B.C.",411087,"Action & Adventure, Classics, Drama"
37,The Time Machine,171733,Science Fiction & Fantasy
37,Splice,251884,"Horror, Science Fiction & Fantasy"
37,"10,000 B.C.",411087,"Action & Adventure, Classics, Drama"
37,The Time Machine,171733,Science Fiction & Fantasy
37,Splice,251884,"Horror, Science Fiction & Fantasy"
36,Fame,194964,"Drama, Musical & Performing Arts, Romance"
36,Fame,194964,"Drama, Musical & Performing Arts, Romance"
35,Beethoven,432330,"Comedy, Kids & Family, Special Interest"
35,Date Movie,513821,Comedy
35,Beethoven,432330,"Comedy, Kids & Family, Special Interest"
35,Date Movie,513821,Comedy
34,The Stepfather,982207,"Horror, Mystery & Suspense"
34,The Stepfather,982207,"Horror, Mystery & Suspense"
33,Shutter,241165,"Horror, Mystery & Suspense"
33,The Wolfman,223175,"Horror, Mystery & Suspense"
33,Space Chimps,124295,"Action & Adventure, Animation, Comedy, Kids & Family"
33,A Nightmare on Elm Street 2: Freddy's Revenge,321252,Horror
33,Shutter,241165,"Horror, Mystery & Suspense"
33,The Wolfman,223175,"Horror, Mystery & Suspense"
33,Space Chimps,124295,"Action & Adventure, Animation, Comedy, Kids & Family"
33,A Nightmare on Elm Street 2: Freddy's Revenge,321252,Horror
32,Land of the Lost,542614,"Action & Adventure, Comedy, Science Fiction & Fantasy"
32,"102 Dalmatians",406503,"Comedy, Kids & Family"
32,Superhero Movie,156939,"Action & Adventure, Comedy"
32,I Love You Beth Cooper,264238,Comedy
32,A Nightmare on Elm Street 5: The Dream Child,217734,"Horror, Mystery & Suspense, Science Fiction & Fantasy"
32,Land of the Lost,542614,"Action & Adventure, Comedy, Science Fiction & Fantasy"
32,"102 Dalmatians",406503,"Comedy, Kids & Family"
32,Superhero Movie,156939,"Action & Adventure, Comedy"
32,I Love You Beth Cooper,264238,Comedy
32,A Nightmare on Elm Street 5: The Dream Child,217734,"Horror, Mystery & Suspense, Science Fiction & Fantasy"
31,Volcano,180546,"Action & Adventure, Drama, Mystery & Suspense"
31,Volcano,180546,"Action & Adventure, Drama, Mystery & Suspense"
30,Ultraviolet,279966,"Action & Adventure, Drama, Horror, Science Fiction & Fantasy"
30,The Unborn,831822,"Horror, Mystery & Suspense"
30,Ultraviolet,279966,"Action & Adventure, Drama, Horror, Science Fiction & Fantasy"
30,The Unborn,831822,"Horror, Mystery & Suspense"
28,The Haunting,128123,"Horror, Mystery & Suspense"
28,The Animal,203598,"Comedy, Science Fiction & Fantasy"
28,The Haunting,128123,"Horror, Mystery & Suspense"
28,The Animal,203598,"Comedy, Science Fiction & Fantasy"
27,Planet of the Apes,366779,"Action & Adventure, Drama, Science Fiction & Fantasy"
27,Did You Hear About the Morgans?,387595,"Comedy, Drama, Romance"
27,Planet of the Apes,366779,"Action & Adventure, Drama, Science Fiction & Fantasy"
27,Did You Hear About the Morgans?,387595,"Comedy, Drama, Romance"
24,The Happening,370131,"Drama, Mystery & Suspense, Science Fiction & Fantasy"
24,The Box,359067,"Horror, Mystery & Suspense, Science Fiction & Fantasy"
24,The Happening,370131,"Drama, Mystery & Suspense, Science Fiction & Fantasy"
24,The Box,359067,"Horror, Mystery & Suspense, Science Fiction & Fantasy"
22,Junior,199903,"Comedy, Science Fiction & Fantasy"
22,Junior,199903,"Comedy, Science Fiction & Fantasy"
21,Whiteout,538847,"Action & Adventure, Drama, Mystery & Suspense"
21,Whiteout,538847,"Action & Adventure, Drama, Mystery & Suspense"
16,Batman & Robin,554057,"Action & Adventure, Mystery & Suspense, Science Fiction & Fantasy"
16,Batman & Robin,554057,"Action & Adventure, Mystery & Suspense, Science Fiction & Fantasy"
